carat,cut,color,clarity,depth,table,price,x,y,z
2.18,Premium,I,SI1,55.2,51.0,14599,8.91,8.78,4.92
1.11,Premium,F,IF,62.7,55.6,4930,5.46,5.53,3.42
1.09,Premium,G,VVS2,57.2,51.3,7420,5.48,5.46,3.13
3.22,Fair,G,SI1,55.8,66.5,20891,18.75,18.97,10.46
1.32,Premium,E,VVS1,62.6,69.1,4134,7.99,8.07,5.0
2.13,Good,D,SI1,63.5,67.2,11532,10.74,10.68,6.82
1.5,Premium,G,SI1,57.0,57.4,9194,7.78,7.7,4.43
2.98,Ideal,F,SI2,59.8,64.0,17247,20.47,20.16,12.24
1.07,Very Good,F,I1,61.4,67.1,7435,6.13,6.16,3.76
3.35,Ideal,I,VVS1,56.6,69.6,11219,14.38,14.31,8.14
3.24,Ideal,J,I1,64.2,53.5,9450,18.61,18.43,11.95
2.93,Premium,G,VVS2,63.0,50.9,7421,18.75,18.99,11.81
1.93,Premium,I,VS1,64.1,51.1,8280,12.62,12.58,8.09
2.68,Ideal,F,I1,55.1,68.5,9780,16.26,16.38,8.96
2.78,Fair,E,VVS2,62.4,67.4,17733,13.11,13.23,8.18
0.93,Good,I,VS2,56.9,66.0,3404,5.93,5.88,3.37
1.95,Premium,F,VVS1,55.6,53.9,11286,8.7,8.62,4.84
1.55,Good,G,SI2,60.0,60.2,10194,9.76,9.58,5.86
0.68,Fair,G,I1,62.6,53.9,2076,3.83,3.84,2.4
2.43,Premium,D,VS1,58.5,59.6,14684,13.07,13.12,7.65
1.64,Premium,H,VVS1,62.6,67.4,7040,7.81,7.84,4.89
2.42,Very Good,J,IF,64.2,50.0,8344,16.01,15.84,10.28
1.75,Very Good,D,VVS2,63.9,67.2,6549,7.2,7.18,4.6
1.75,Good,G,SI2,61.0,56.2,6169,7.93,8.03,4.84
1.42,Good,G,VS2,63.5,51.0,8366,9.02,9.02,5.73
1.86,Premium,G,IF,63.2,54.5,4889,11.98,11.79,7.57
0.68,Premium,D,I1,62.9,52.8,1733,3.44,3.39,2.16
3.19,Very Good,I,SI2,61.5,50.3,12839,14.65,14.52,9.01
3.39,Fair,F,VS2,61.4,62.7,21896,16.34,16.53,10.03
1.64,Premium,F,SI1,61.7,53.6,5367,7.06,7.1,4.36
2.92,Ideal,D,VS2,57.6,57.1,13891,14.53,14.38,8.37
2.33,Good,I,VVS2,56.9,60.7,8522,10.56,10.68,6.01
0.63,Very Good,I,VS1,58.0,50.0,3640,3.97,3.97,2.3
0.41,Fair,H,VS2,55.4,55.3,2683,2.27,2.27,1.26
1.15,Premium,E,VS1,62.2,66.1,5251,5.96,5.89,3.71
3.4,Very Good,I,VS1,62.7,64.9,15448,17.03,17.26,10.68
2.05,Fair,E,VVS2,63.9,66.2,7866,11.49,11.43,7.34
3.47,Good,J,IF,60.3,54.8,11155,15.98,15.85,9.64
2.55,Fair,J,SI2,59.5,66.4,10669,12.1,12.21,7.2
3.47,Very Good,J,VS2,62.4,66.6,23491,19.37,19.65,12.09
3.03,Fair,J,VS1,58.6,67.1,19570,17.63,17.93,10.33
2.22,Fair,E,SI1,57.6,58.1,11894,12.69,12.45,7.31
1.8,Fair,J,IF,55.7,50.9,5591,7.67,7.76,4.27
3.1,Ideal,E,I1,58.0,66.9,16442,16.89,17.04,9.8
2.09,Ideal,E,VS2,60.7,58.6,11736,10.57,10.69,6.42
3.24,Good,D,I1,62.9,64.0,14320,15.21,15.13,9.57
2.17,Ideal,J,SI1,56.1,60.7,10425,14.33,14.43,8.04
0.67,Fair,G,VS1,62.1,65.4,2406,4.17,4.15,2.59
1.51,Ideal,J,IF,60.0,67.8,5353,8.91,9.0,5.35
3.39,Good,E,IF,57.7,59.3,12694,20.94,20.66,12.08
1.3,Very Good,I,SI1,59.0,68.4,4739,5.93,5.95,3.5
3.22,Ideal,D,VVS1,63.7,68.9,15849,19.56,19.83,12.46
1.12,Ideal,E,SI2,56.2,66.4,5615,5.04,5.08,2.83
2.72,Premium,F,SI1,56.7,59.1,13035,11.91,11.8,6.75
3.1,Premium,J,SI1,58.5,67.3,12968,14.68,14.69,8.59
3.26,Very Good,F,VVS2,64.7,55.8,20624,19.06,19.09,12.33
3.27,Good,G,VS1,64.0,60.5,13991,17.06,16.9,10.92
0.96,Fair,H,VVS2,61.8,53.2,3931,6.71,6.6,4.15
0.95,Good,H,SI2,61.5,53.7,6198,6.44,6.52,3.96
3.07,Good,D,VS1,64.3,64.9,10953,18.84,18.7,12.11
3.43,Ideal,J,SI2,63.5,54.3,10088,22.55,22.78,14.32
2.04,Ideal,E,VS1,63.0,60.7,7549,8.92,8.94,5.62
2.26,Very Good,H,SI2,55.6,62.0,12106,10.5,10.35,5.84
3.13,Fair,H,VS2,63.3,59.7,11437,19.37,19.12,12.26
1.01,Ideal,E,VS1,62.4,65.9,7262,5.88,5.88,3.67
2.83,Fair,D,IF,63.9,66.2,11106,15.86,16.0,10.13
3.07,Fair,J,VVS1,62.9,51.9,16775,19.24,19.52,12.1
2.62,Ideal,F,IF,61.1,68.1,9291,12.13,12.11,7.41
3.3,Ideal,I,VS1,55.5,57.7,18353,19.63,19.56,10.89
2.08,Good,I,IF,61.2,65.2,9848,9.97,10.1,6.1
1.87,Fair,E,SI2,55.8,61.8,11108,8.88,8.89,4.96
0.81,Fair,G,VVS1,55.1,62.5,5958,5.2,5.29,2.87
1.46,Ideal,H,VVS2,60.2,51.0,7401,6.38,6.5,3.84
1.56,Fair,F,SI2,59.8,51.8,6972,10.46,10.29,6.26
1.83,Good,J,SI1,64.5,54.1,5789,12.72,12.71,8.2
2.94,Ideal,G,SI2,56.1,67.2,18548,20.46,20.85,11.48
1.44,Fair,D,VS1,59.5,58.2,3677,7.32,7.39,4.36
0.3,Ideal,E,IF,61.5,68.8,1746,1.65,1.67,1.01
3.36,Ideal,I,VVS1,63.9,50.5,12905,17.92,17.74,11.45
1.2,Premium,D,VS2,61.7,66.0,5410,5.52,5.5,3.41
2.0,Premium,J,VS1,58.8,62.7,13299,10.69,10.53,6.29
1.18,Fair,J,VS1,58.9,66.5,4462,7.37,7.26,4.34
0.39,Very Good,E,VVS1,55.9,61.0,1166,1.81,1.8,1.01
2.7,Fair,J,SI1,57.6,63.4,17878,15.8,15.88,9.1
1.82,Premium,I,VS1,57.9,69.6,9374,11.97,11.81,6.93
2.12,Very Good,J,VVS2,63.3,59.4,8882,9.56,9.65,6.05
2.89,Ideal,G,VVS2,62.7,68.9,9758,12.86,12.74,8.06
2.23,Premium,I,SI2,61.8,66.4,13749,13.56,13.78,8.38
1.3,Ideal,H,VS1,64.9,54.0,9073,8.56,8.64,5.56
2.82,Good,I,VS2,58.7,64.3,12370,16.95,17.17,9.95
0.57,Good,E,SI2,59.1,67.9,1470,3.13,3.1,1.85
1.87,Fair,H,SI2,60.7,57.3,11667,11.33,11.54,6.88
3.36,Good,I,VVS2,62.4,66.8,11234,18.59,18.41,11.6
1.58,Premium,I,SI1,57.5,57.4,10563,8.0,7.92,4.6
2.24,Ideal,D,I1,60.6,68.9,12090,11.64,11.73,7.05
2.45,Ideal,H,SI2,56.1,67.5,10593,15.69,15.84,8.8
0.31,Fair,I,VVS1,63.3,68.0,862,1.6,1.63,1.01
2.83,Fair,F,IF,60.9,54.5,19424,13.48,13.7,8.21
1.62,Good,J,VVS1,64.1,68.9,10100,7.24,7.25,4.64
2.3,Fair,G,VS1,61.0,52.2,11665,13.42,13.57,8.19
1.03,Premium,J,IF,64.1,67.1,6821,6.69,6.69,4.29
1.42,Ideal,H,VVS1,62.2,53.1,4474,6.52,6.56,4.06
3.22,Ideal,F,IF,62.9,66.6,13351,17.33,17.56,10.9
0.3,Good,G,VVS2,60.9,67.6,1737,1.7,1.72,1.04
1.06,Very Good,J,VVS2,56.6,69.0,5368,4.44,4.46,2.51
2.63,Premium,F,VVS1,58.0,66.5,14405,11.44,11.46,6.64
3.3,Good,E,SI1,64.1,59.0,17586,15.29,14.99,9.8
0.52,Ideal,I,VS2,58.9,57.2,3042,2.84,2.82,1.67
2.32,Good,G,SI1,62.8,66.8,9445,13.11,13.14,8.23
2.44,Good,F,VVS1,55.6,68.8,9781,10.59,10.6,5.89
1.21,Very Good,I,SI1,58.3,67.2,6485,5.67,5.71,3.31
2.8,Ideal,J,VVS1,62.8,59.8,13908,18.21,18.48,11.44
2.58,Ideal,J,VVS2,56.5,68.0,16492,12.85,12.74,7.26
0.51,Good,G,VS2,58.1,67.4,1823,2.53,2.49,1.47
1.62,Ideal,J,IF,59.9,68.1,8968,8.87,9.02,5.31
0.26,Good,F,I1,55.9,51.8,1228,1.71,1.69,0.96
2.42,Good,D,I1,60.3,55.7,10018,15.38,15.33,9.27
3.33,Ideal,E,VS2,61.8,51.4,17743,14.32,14.24,8.85
0.39,Premium,H,SI2,62.9,64.0,2329,2.2,2.17,1.38
0.91,Good,E,VS1,55.3,56.7,3780,5.2,5.21,2.88
2.86,Very Good,H,VS2,60.1,57.1,15963,15.18,14.98,9.12
2.13,Very Good,J,VS2,64.7,61.0,12024,8.97,9.01,5.8
3.1,Ideal,F,VS2,57.4,61.1,12316,18.93,19.25,10.87
0.87,Fair,I,SI1,60.7,61.4,3875,5.36,5.39,3.25
2.91,Ideal,F,SI1,64.4,69.4,15759,11.98,12.01,7.72
1.17,Good,H,SI2,56.0,54.8,7101,4.82,4.84,2.7
2.86,Very Good,D,I1,61.3,67.3,10116,11.49,11.64,7.04
3.23,Very Good,I,VVS1,56.5,68.0,21243,17.22,17.45,9.73
1.11,Fair,F,SI2,64.0,69.9,7605,6.29,6.28,4.03
1.2,Fair,I,SI2,61.5,61.9,6491,6.01,5.92,3.7
0.67,Ideal,E,VS1,62.0,52.0,3801,3.58,3.57,2.22
0.35,Premium,E,VS1,59.0,64.1,1433,1.88,1.89,1.11
0.48,Premium,H,VS1,60.6,67.1,3265,2.71,2.68,1.64
2.83,Very Good,F,SI2,59.7,67.0,13430,18.35,18.46,10.95
2.14,Good,D,VS1,60.5,56.3,6402,13.53,13.32,8.19
0.96,Good,E,VVS2,55.7,69.8,5828,5.23,5.26,2.91
0.34,Premium,I,SI1,64.1,63.6,2375,1.91,1.93,1.22
0.72,Very Good,J,SI2,56.5,61.0,3908,3.05,3.1,1.72
0.96,Ideal,D,VVS2,56.9,68.4,3358,5.6,5.61,3.19
1.52,Very Good,D,IF,58.1,66.9,6853,6.52,6.51,3.79
1.89,Very Good,H,I1,63.8,59.8,12753,10.77,10.67,6.87
0.5,Good,J,IF,58.0,69.9,2883,3.4,3.39,1.97
2.22,Ideal,F,VS2,56.7,56.9,6614,9.31,9.25,5.28
3.06,Fair,F,VS2,56.1,63.7,20731,13.86,14.04,7.78
3.38,Good,E,IF,55.2,63.4,15202,21.45,21.25,11.84
3.07,Very Good,H,SI2,57.3,50.7,15332,19.83,19.93,11.36
0.81,Good,G,I1,55.5,62.3,2673,4.93,5.0,2.74
1.32,Fair,G,IF,57.6,62.4,8938,7.07,7.08,4.07
2.48,Premium,D,VVS2,63.4,58.3,16542,13.98,14.03,8.86
0.48,Very Good,J,IF,57.4,54.6,2892,2.07,2.05,1.19
2.94,Good,F,VS1,59.1,56.3,19816,14.46,14.69,8.55
2.24,Fair,D,SI2,59.4,61.7,15036,14.59,14.41,8.67
0.94,Very Good,E,VVS2,57.8,56.9,5761,3.82,3.84,2.21
1.59,Ideal,I,VS2,62.0,50.8,8902,6.62,6.74,4.1
2.65,Good,D,VVS2,62.8,66.0,9470,16.77,16.96,10.53
3.02,Good,E,VVS1,56.3,62.9,12922,19.87,19.52,11.19
1.35,Fair,I,IF,56.5,54.8,4243,9.27,9.4,5.24
1.76,Fair,H,VVS1,61.3,54.3,7436,10.56,10.65,6.47
2.6,Good,G,SI2,59.5,54.7,15816,17.21,16.95,10.24
1.29,Very Good,F,VS2,64.1,52.9,8256,7.27,7.38,4.66
1.96,Very Good,H,VS2,61.1,64.9,12837,8.12,8.18,4.96
2.75,Premium,G,IF,61.0,59.2,19148,14.71,14.48,8.97
2.87,Premium,D,I1,62.1,69.4,10892,19.89,19.51,12.35
1.35,Ideal,H,VVS1,56.5,61.3,5472,8.3,8.18,4.69
0.23,Fair,H,SI1,56.3,59.8,903,1.34,1.33,0.75
0.59,Very Good,D,IF,57.1,58.6,2413,3.23,3.2,1.84
1.31,Fair,F,SI1,58.9,57.8,3339,5.67,5.66,3.34
0.39,Good,E,SI1,61.8,60.7,1482,1.92,1.91,1.19
0.93,Fair,F,VVS1,57.4,53.9,5119,5.73,5.64,3.29
3.4,Good,H,SI2,58.8,57.6,17897,21.72,21.37,12.77
0.65,Good,J,VS1,60.3,67.8,2431,3.21,3.21,1.94
0.53,Fair,F,VVS1,55.6,63.0,1777,3.4,3.41,1.89
2.58,Fair,E,SI1,58.7,64.0,16248,16.59,16.84,9.74
2.31,Very Good,I,VVS2,61.5,65.2,14253,16.02,16.07,9.85
2.53,Fair,D,SI2,65.0,69.7,17233,14.28,14.54,9.28
1.9,Good,H,VS1,60.1,61.7,12657,11.04,11.03,6.64
0.83,Good,J,VS2,57.8,64.9,5439,4.22,4.15,2.44
2.09,Premium,G,VVS1,59.1,66.3,7465,10.6,10.81,6.26
1.82,Good,E,VS1,55.8,62.8,6607,9.04,8.96,5.04
1.01,Good,E,I1,55.6,51.3,2140,5.75,5.74,3.2
0.71,Very Good,E,VS1,55.8,55.3,3910,4.62,4.65,2.58
3.21,Fair,G,I1,59.9,57.8,14259,21.38,21.35,12.81
0.95,Very Good,I,SI1,57.8,52.4,3180,5.97,6.02,3.45
2.78,Fair,D,VS1,55.1,51.4,16217,17.09,16.8,9.42
1.01,Premium,H,IF,61.3,52.8,2625,4.69,4.78,2.87
1.41,Good,G,I1,62.2,64.3,6309,6.19,6.21,3.85
1.57,Premium,I,SI1,58.8,69.6,5845,9.08,9.26,5.34
0.91,Good,G,VVS2,60.8,63.9,3776,4.86,4.94,2.95
1.01,Very Good,H,VVS1,58.5,59.4,5252,6.44,6.56,3.77
2.64,Very Good,E,VS1,55.0,61.8,17660,17.6,17.58,9.68
3.37,Fair,J,VVS1,64.7,62.0,21384,23.46,23.1,15.18
1.54,Fair,E,I1,56.5,61.9,7761,8.97,8.94,5.07
0.65,Fair,E,VS1,58.2,54.9,3615,4.25,4.21,2.47
0.75,Premium,E,VVS2,56.2,66.6,2421,4.26,4.27,2.39
3.06,Good,I,SI2,59.1,63.7,19282,19.36,19.56,11.44
3.12,Very Good,H,SI2,62.4,57.6,15110,18.17,17.85,11.34
0.55,Premium,H,VS2,65.0,53.6,2309,2.59,2.57,1.68
0.25,Premium,H,SI1,55.3,58.4,991,1.25,1.23,0.69
1.4,Premium,I,I1,64.7,59.2,3697,6.17,6.14,3.99
2.52,Ideal,J,VS1,62.6,54.2,11120,15.45,15.36,9.67
3.49,Fair,F,VS2,57.1,52.1,19748,17.89,17.66,10.22
1.3,Ideal,D,I1,63.3,61.4,6744,5.7,5.59,3.61
2.17,Very Good,J,I1,62.4,52.4,13441,15.1,14.85,9.42
2.88,Fair,F,SI1,60.9,65.1,16712,15.47,15.6,9.42
3.35,Premium,F,SI1,58.7,54.8,15163,20.61,21.0,12.1
0.9,Fair,F,VVS2,64.2,62.6,5393,6.09,6.18,3.91
3.36,Fair,H,VVS1,56.7,57.4,17101,16.16,15.84,9.16
0.59,Premium,J,IF,64.9,58.4,2560,3.64,3.65,2.36
2.08,Premium,D,VS2,64.0,53.2,10643,10.21,10.34,6.53
1.26,Very Good,G,VS1,60.4,55.0,3198,5.41,5.42,3.27
2.37,Ideal,E,VS1,63.3,67.4,15659,9.68,9.6,6.13
2.03,Very Good,J,VS2,58.7,65.1,9190,10.38,10.19,6.09
1.6,Very Good,F,I1,60.2,66.7,8669,9.35,9.27,5.63
2.8,Good,G,VS2,61.9,64.6,7644,17.88,18.06,11.07
1.65,Good,E,SI2,62.0,51.9,10711,10.16,10.05,6.3
0.3,Good,I,SI1,59.9,50.9,956,1.56,1.58,0.93
2.93,Ideal,H,VS1,59.0,50.4,18567,16.9,16.68,9.97
1.33,Ideal,I,SI2,64.5,65.4,4780,5.47,5.57,3.53
3.45,Very Good,I,SI1,64.4,63.5,10774,18.5,18.44,11.91
2.01,Ideal,J,IF,58.1,59.4,13449,10.56,10.45,6.14
3.17,Ideal,I,SI2,58.5,69.5,17356,21.67,21.77,12.68
0.99,Fair,E,IF,58.0,58.7,5653,6.14,6.07,3.56
2.09,Good,I,I1,57.3,59.7,13931,9.12,9.08,5.23
0.22,Very Good,J,VS1,64.5,55.9,1121,1.04,1.04,0.67
0.35,Ideal,G,SI1,62.2,50.3,2635,1.7,1.69,1.06
0.21,Good,E,VVS2,62.7,68.7,610,1.23,1.21,0.77
0.76,Fair,I,VVS1,58.6,60.2,5108,3.67,3.71,2.15
2.92,Good,G,VVS1,61.5,61.4,15645,11.85,11.81,7.29
2.3,Fair,D,SI2,58.7,60.9,7049,14.27,14.43,8.38
3.18,Premium,H,VS2,55.7,64.6,21259,21.16,21.51,11.79
2.42,Very Good,E,VVS1,60.5,55.0,7622,16.43,16.35,9.94
1.7,Very Good,F,VVS1,57.7,51.8,9145,8.16,8.24,4.71
0.29,Very Good,D,SI1,56.6,53.4,1757,1.99,1.95,1.13
1.72,Ideal,H,VVS2,60.8,50.6,10113,10.68,10.65,6.49
1.54,Ideal,J,SI2,56.8,65.5,5603,10.4,10.47,5.91
3.01,Fair,E,VVS2,58.3,59.3,12880,19.19,19.42,11.19
3.29,Ideal,J,VVS1,61.8,61.2,22546,17.89,18.19,11.06
0.39,Good,H,VVS1,63.8,67.7,1320,1.94,1.95,1.24
1.65,Ideal,H,SI2,60.6,65.9,9006,9.23,9.34,5.59
1.23,Premium,H,SI1,57.1,52.6,5104,7.87,7.76,4.49
3.15,Very Good,E,VS1,60.5,67.1,17944,14.72,14.81,8.91
2.96,Good,E,SI2,55.9,65.2,8336,15.19,15.47,8.49
2.23,Ideal,E,VS2,64.3,65.7,7245,14.65,14.67,9.42
1.3,Premium,I,VS1,58.8,54.7,4592,5.77,5.88,3.39
1.68,Fair,I,VVS1,63.2,61.4,7176,10.65,10.45,6.73
2.4,Very Good,D,VVS2,64.7,52.4,13438,14.26,14.35,9.23
3.3,Ideal,G,VS2,61.6,68.4,16411,17.46,17.5,10.76
0.62,Ideal,I,IF,60.3,57.0,1830,3.37,3.33,2.03
1.45,Premium,J,I1,62.4,66.9,6225,6.85,6.77,4.27
0.23,Ideal,D,VS1,65.0,62.3,797,1.06,1.08,0.69
1.91,Very Good,H,SI1,62.8,63.4,10997,9.93,10.1,6.24
0.37,Good,D,SI1,58.5,67.4,2199,2.15,2.15,1.26
3.18,Premium,E,VVS2,57.9,59.8,14991,15.13,14.86,8.76
2.61,Fair,I,VS2,55.2,58.6,18601,17.83,18.05,9.84
2.51,Very Good,E,I1,62.8,54.6,16801,14.0,14.11,8.79
3.25,Good,D,VVS1,60.1,62.4,14943,17.74,17.4,10.66
3.11,Fair,E,VS2,59.8,62.6,16775,17.51,17.46,10.47
1.73,Premium,J,VS1,61.9,63.2,9509,9.7,9.76,6.0
2.26,Ideal,F,VS1,55.3,67.5,7786,9.45,9.31,5.23
1.41,Ideal,D,VS2,65.0,54.1,5337,9.32,9.35,6.06
0.3,Very Good,D,VS1,64.2,65.4,1474,1.97,2.01,1.26
2.48,Premium,F,IF,55.3,50.4,6853,12.9,12.97,7.13
1.73,Premium,H,SI2,62.3,50.5,7132,7.3,7.41,4.55
2.78,Premium,D,VVS2,61.6,59.0,12212,11.56,11.72,7.12
2.08,Good,J,VS2,64.3,54.9,8664,13.22,13.04,8.5
3.33,Fair,F,VVS2,57.6,51.2,9330,22.59,22.17,13.01
1.83,Premium,H,I1,60.9,58.6,6612,7.59,7.64,4.62
2.99,Good,F,VVS2,61.6,68.7,11159,13.4,13.47,8.25
1.01,Fair,H,VVS1,59.5,54.1,4493,6.71,6.59,3.99
3.23,Premium,F,I1,61.1,62.1,16628,13.96,13.98,8.53
1.3,Fair,D,SI2,57.8,70.0,7782,8.67,8.65,5.01
2.3,Very Good,I,VVS1,57.0,55.8,16235,14.99,15.13,8.54
2.27,Ideal,G,VS2,64.1,53.3,9504,11.99,12.0,7.69
2.98,Ideal,G,IF,56.9,64.2,12291,14.68,14.82,8.35
1.84,Fair,F,SI2,58.0,61.4,9617,9.43,9.42,5.47
2.15,Good,D,VS1,59.7,69.7,7899,9.04,8.89,5.4
0.51,Premium,I,SI2,63.6,64.7,1930,3.17,3.11,2.02
3.29,Fair,H,IF,55.9,65.7,10451,15.86,15.67,8.87
0.3,Ideal,I,VS1,64.6,60.1,1540,2.04,2.05,1.32
0.91,Ideal,J,VS2,63.3,69.2,5526,5.48,5.37,3.47
1.04,Premium,E,VVS1,61.0,56.1,4395,6.2,6.25,3.78
2.62,Good,G,VS2,58.4,58.4,11846,11.87,12.0,6.93
0.51,Very Good,I,VS1,57.4,61.9,1146,2.23,2.2,1.28
2.31,Fair,E,IF,63.3,52.7,9332,9.71,9.83,6.15
1.35,Fair,H,SI1,62.8,56.1,5199,8.78,8.9,5.51
3.17,Premium,J,IF,55.8,69.6,21768,16.02,16.31,8.94
2.11,Good,I,SI2,64.3,52.5,12528,12.25,12.19,7.88
2.43,Good,E,VVS1,59.9,65.6,11195,15.62,15.49,9.36
1.13,Ideal,H,SI1,57.5,64.0,5022,6.32,6.32,3.63
1.49,Ideal,G,IF,56.8,50.5,4824,9.36,9.18,5.32
0.25,Premium,F,VVS2,58.0,52.9,1631,1.29,1.27,0.75
2.31,Good,E,SI2,59.1,55.4,7982,12.18,12.11,7.2
1.13,Premium,E,VVS2,62.5,58.4,6092,4.6,4.58,2.88
2.61,Good,J,VVS1,57.3,57.0,12053,17.81,17.96,10.21
1.38,Ideal,G,VS1,55.8,65.3,7674,9.49,9.4,5.3
2.47,Premium,I,VS2,60.8,54.1,10873,16.82,17.06,10.23
1.76,Very Good,J,VS2,62.6,65.8,10548,10.15,10.05,6.35
1.91,Ideal,H,VS1,60.9,53.1,7917,8.74,8.83,5.32
0.71,Fair,I,IF,63.3,56.1,2063,4.32,4.38,2.73
3.1,Very Good,I,SI2,61.4,55.3,16483,20.61,20.83,12.65
0.58,Very Good,F,I1,64.4,63.7,1655,3.44,3.42,2.22
3.34,Good,H,SI2,60.7,58.4,14562,16.7,16.8,10.14
1.25,Very Good,H,VS2,56.6,66.5,5152,6.5,6.45,3.68
1.81,Fair,H,VVS1,62.8,60.0,12961,7.76,7.65,4.87
1.18,Premium,G,SI2,57.6,56.6,5954,8.06,8.0,4.64
1.36,Very Good,I,VVS2,59.7,59.9,9127,7.97,7.85,4.76
0.5,Premium,G,SI1,63.6,56.1,2176,2.08,2.1,1.32
1.06,Ideal,J,I1,57.6,64.8,4294,5.04,4.99,2.9
2.98,Ideal,J,VS2,61.0,54.4,14778,14.6,14.45,8.91
1.7,Good,F,VVS2,59.9,57.6,7109,8.91,9.06,5.34
3.1,Fair,J,VS1,60.2,57.5,12349,12.57,12.59,7.57
2.31,Good,D,SI1,55.0,68.6,8829,10.56,10.57,5.81
3.44,Very Good,G,I1,62.3,50.8,21453,17.86,17.94,11.13
1.48,Ideal,J,IF,55.9,53.1,8079,8.66,8.6,4.84
2.08,Ideal,J,VS1,56.1,62.1,11406,10.58,10.38,5.94
0.69,Ideal,J,IF,64.6,56.7,1896,3.65,3.63,2.36
0.37,Fair,D,VS1,59.3,52.8,2022,2.11,2.12,1.25
2.57,Fair,E,I1,58.3,67.9,16070,10.55,10.7,6.15
0.4,Very Good,J,SI1,60.8,63.3,1062,2.34,2.31,1.42
1.75,Good,G,SI2,57.5,58.4,9533,11.45,11.38,6.58
3.1,Fair,I,VVS2,56.5,69.4,21218,16.42,16.58,9.28
2.0,Fair,D,VS2,56.7,59.8,6837,13.15,13.23,7.46
0.33,Fair,F,VS2,61.7,65.1,1466,1.64,1.65,1.01
1.56,Very Good,J,SI1,55.7,67.2,4710,10.24,10.11,5.7
1.46,Ideal,G,SI1,56.0,68.5,3963,9.11,9.23,5.1
1.96,Premium,H,IF,57.3,56.5,7123,11.73,11.81,6.72
3.12,Very Good,F,VS1,56.1,59.2,13902,20.87,20.52,11.71
2.22,Good,J,VS1,62.0,62.7,6132,13.87,13.95,8.6
1.03,Good,D,VVS1,59.5,57.6,6280,4.37,4.35,2.6
0.93,Ideal,E,VVS1,59.3,53.1,2988,6.46,6.52,3.83
1.54,Good,F,VS1,62.7,51.6,6387,10.02,9.89,6.28
1.1,Very Good,F,VS2,57.6,52.5,5138,7.55,7.54,4.35
0.3,Very Good,D,VS1,55.2,67.3,1926,1.8,1.8,0.99
2.41,Premium,J,VVS2,58.2,65.0,11693,10.71,10.58,6.23
0.5,Fair,E,SI2,58.6,58.4,3352,3.36,3.33,1.97
1.56,Ideal,J,VS1,56.2,65.8,8820,8.39,8.46,4.72
1.05,Ideal,I,IF,59.9,66.6,3719,4.75,4.72,2.85
1.68,Premium,H,VVS2,63.8,59.5,11496,8.7,8.67,5.55
2.66,Good,H,VVS1,56.3,55.6,16873,11.77,11.62,6.63
2.5,Fair,D,VVS1,55.4,52.8,15251,15.99,15.94,8.86
0.81,Premium,D,VVS2,62.0,53.1,4778,5.32,5.32,3.3
3.31,Good,E,SI2,62.9,59.6,21939,14.64,14.47,9.21
2.21,Very Good,J,IF,61.3,57.9,10595,13.63,13.62,8.36
1.17,Premium,G,SI1,55.1,61.8,6791,6.91,6.93,3.81
2.49,Premium,F,IF,56.9,59.0,9659,14.16,13.88,8.06
2.19,Premium,D,VS1,62.6,55.9,11489,11.35,11.21,7.11
0.71,Fair,H,SI2,63.6,67.6,3911,2.95,2.91,1.88
2.72,Ideal,J,SI2,62.8,54.6,18875,13.19,12.96,8.28
1.89,Good,G,VS2,60.1,59.0,9779,8.75,8.73,5.26
3.38,Premium,J,I1,63.4,58.8,19428,19.97,19.91,12.66
2.62,Ideal,D,SI1,58.8,54.3,16033,10.59,10.76,6.23
3.37,Very Good,I,VS2,60.1,52.0,18768,16.01,16.05,9.62
3.08,Premium,J,VS1,55.6,53.5,8523,15.45,15.35,8.59
1.96,Very Good,I,SI2,58.2,60.4,12729,12.38,12.18,7.21
3.1,Good,G,SI2,61.8,62.6,12645,17.78,17.69,10.99
2.2,Good,G,SI2,56.8,68.6,14113,14.15,13.94,8.04
2.35,Very Good,E,VVS1,56.8,50.7,6688,15.23,15.52,8.65
0.93,Premium,J,IF,61.8,64.3,5233,4.6,4.56,2.84
1.62,Good,E,VVS1,64.9,67.5,10390,10.16,10.23,6.59
2.61,Very Good,I,SI1,57.5,61.7,17792,13.37,13.58,7.69
3.35,Good,D,VVS1,61.8,62.3,11537,14.76,14.51,9.12
2.0,Ideal,J,IF,59.1,67.6,10243,11.96,11.83,7.07
2.15,Ideal,J,VVS1,58.0,58.3,10344,13.43,13.58,7.79
3.23,Fair,G,VVS2,56.0,64.0,15448,14.7,14.78,8.23
3.2,Good,G,VVS1,64.7,57.0,12442,15.41,15.7,9.97
2.61,Very Good,J,VVS1,59.3,58.7,14052,15.47,15.37,9.17
2.65,Good,H,VS1,64.5,61.2,14855,10.73,10.79,6.92
1.46,Fair,I,VS1,58.4,56.0,8300,10.02,10.08,5.85
3.11,Fair,H,VVS2,64.0,60.8,15475,17.32,17.61,11.08
3.49,Premium,G,I1,62.9,50.6,15441,24.14,24.54,15.18
2.6,Very Good,J,VVS1,57.6,62.4,7313,18.15,18.49,10.45
0.44,Ideal,G,VVS1,56.8,65.4,2060,1.8,1.81,1.02
1.98,Premium,J,VVS1,64.1,61.2,12846,10.5,10.45,6.73
3.36,Good,E,SI1,59.9,62.6,18634,19.5,19.5,11.68
2.0,Fair,E,SI2,59.7,64.3,6250,9.14,9.11,5.46
2.84,Fair,E,VVS2,58.4,50.0,9961,18.67,18.54,10.9
2.25,Premium,G,VVS2,55.1,60.8,8074,13.36,13.2,7.36
1.39,Ideal,J,SI2,57.9,64.6,4363,8.39,8.25,4.86
1.24,Premium,E,VVS2,64.3,60.9,3841,6.06,6.14,3.9
2.91,Very Good,I,VVS2,59.2,57.8,8459,12.08,12.05,7.15
2.69,Premium,J,SI2,57.7,52.6,15756,16.26,16.3,9.38
0.64,Premium,E,SI2,62.7,61.7,1857,4.41,4.47,2.77
2.05,Good,D,VVS1,63.9,55.0,13529,11.76,11.82,7.51
0.67,Ideal,J,IF,62.5,61.1,2366,2.82,2.87,1.76
3.14,Good,J,IF,55.8,50.8,20496,19.68,19.44,10.98
1.61,Premium,I,VS1,63.5,52.6,10605,7.98,8.08,5.07
0.84,Fair,F,VVS2,59.3,65.9,3393,4.88,4.92,2.89
0.48,Very Good,G,VS1,63.9,66.0,2103,2.36,2.38,1.51
2.04,Premium,E,I1,62.2,63.2,9728,10.61,10.52,6.6
2.11,Ideal,E,VS1,60.7,58.2,7153,14.48,14.71,8.79
3.16,Good,H,SI1,60.6,68.7,11208,16.4,16.18,9.94
1.79,Fair,E,I1,61.7,50.0,6188,9.35,9.31,5.77
3.14,Very Good,H,SI2,57.3,61.8,19050,13.38,13.39,7.67
0.55,Premium,I,VVS1,63.7,64.2,2804,2.38,2.41,1.52
2.63,Fair,F,I1,63.8,66.3,6670,14.16,14.18,9.03
1.43,Good,E,IF,61.0,66.0,6752,9.08,9.21,5.54
0.45,Ideal,G,VS2,62.6,51.4,2880,2.88,2.88,1.8
1.66,Ideal,H,SI1,64.8,54.0,5166,6.8,6.9,4.41
2.34,Very Good,E,SI2,64.6,55.2,14306,9.67,9.52,6.25
1.56,Ideal,J,I1,59.8,56.5,7043,10.85,10.79,6.49
1.2,Very Good,H,VVS1,57.9,60.1,5558,5.95,5.89,3.45
2.66,Fair,H,IF,60.8,68.0,9404,13.94,14.09,8.48
2.15,Premium,E,I1,62.1,68.0,11445,11.43,11.62,7.1
3.3,Ideal,F,VVS1,58.5,60.5,20622,13.9,14.15,8.13
2.11,Fair,I,I1,60.1,52.0,7770,14.59,14.46,8.77
3.18,Premium,D,VVS1,62.2,50.6,15665,20.37,20.42,12.67
2.43,Fair,D,I1,57.1,52.4,11025,12.69,12.58,7.25
3.45,Good,E,SI2,58.9,65.9,8732,17.56,17.52,10.34
0.99,Fair,J,VS2,64.1,56.6,6348,5.0,4.95,3.2
1.4,Good,E,VS2,57.7,52.7,7716,6.88,6.89,3.97
1.14,Premium,J,I1,61.2,51.9,4283,5.17,5.14,3.16
0.69,Fair,H,VVS1,60.3,60.9,3546,3.71,3.73,2.24
1.58,Fair,E,SI2,59.5,61.7,10884,10.13,10.05,6.03
1.83,Fair,D,SI2,64.8,62.9,9774,9.49,9.4,6.15
1.97,Very Good,I,I1,56.1,52.3,7353,10.7,10.61,6.0
2.2,Fair,E,SI2,61.2,53.6,7406,9.06,8.93,5.54
1.71,Ideal,E,IF,61.5,65.1,11575,10.47,10.52,6.44
0.81,Fair,I,SI1,60.7,58.9,3982,3.57,3.52,2.17
2.61,Very Good,J,I1,56.8,56.2,7328,15.07,15.02,8.56
1.25,Ideal,E,VS1,64.0,61.2,8410,8.7,8.65,5.57
3.49,Ideal,H,VVS2,62.0,55.3,17879,17.62,17.66,10.92
1.04,Ideal,G,VVS2,63.1,63.1,6424,6.92,6.89,4.37
0.53,Fair,F,IF,63.8,62.2,1387,2.79,2.83,1.78
1.67,Premium,I,SI2,58.6,64.2,6647,10.5,10.45,6.15
0.8,Very Good,E,VVS1,58.0,55.3,5225,4.1,4.17,2.38
1.06,Fair,E,SI1,56.8,61.7,3507,5.4,5.49,3.07
1.1,Good,J,VS2,55.4,62.8,3707,4.87,4.89,2.7
3.33,Very Good,D,VS1,56.3,56.6,22054,22.97,23.04,12.93
1.05,Ideal,F,IF,59.1,56.8,2963,4.42,4.43,2.61
1.12,Premium,E,VS2,59.6,70.0,2716,6.89,6.94,4.11
2.35,Fair,J,I1,58.3,53.2,9996,11.99,11.83,6.99
0.68,Very Good,G,I1,57.0,51.5,4720,4.01,4.03,2.29
3.18,Ideal,G,VS2,55.6,66.4,18467,13.25,13.13,7.37
3.3,Premium,F,I1,56.1,64.2,14900,14.73,14.76,8.26
1.17,Premium,H,VS1,62.8,56.9,7199,6.91,6.85,4.34
0.58,Premium,D,VS1,62.6,61.9,3985,3.08,3.14,1.93
3.24,Good,I,VVS2,63.2,57.5,9673,13.34,13.52,8.43
0.61,Ideal,J,SI2,56.5,65.8,2965,2.68,2.71,1.51
0.48,Ideal,H,VVS1,56.2,69.9,2393,2.14,2.17,1.2
1.58,Ideal,G,VVS1,62.5,52.6,9342,7.15,7.13,4.47
3.1,Premium,F,I1,62.3,51.9,12997,16.55,16.61,10.31
2.25,Premium,E,I1,57.5,51.4,6521,11.23,11.19,6.46
1.39,Good,G,VVS1,63.0,52.3,5381,8.25,8.23,5.2
3.13,Very Good,G,VS1,55.1,69.7,14497,14.9,15.03,8.21
3.14,Fair,D,VS1,60.7,68.7,19606,17.37,17.25,10.54
0.37,Fair,H,SI2,62.5,57.7,2089,1.52,1.5,0.95
0.48,Ideal,J,IF,64.4,61.6,1824,2.14,2.14,1.38
1.19,Premium,D,VS2,59.1,51.9,8145,7.08,6.96,4.18
1.87,Premium,G,SI1,55.5,58.6,7522,8.95,8.82,4.97
3.13,Premium,J,VS2,61.1,50.8,13316,19.14,19.3,11.69
2.33,Good,G,VVS1,57.6,53.7,9189,9.49,9.38,5.47
0.34,Very Good,G,VVS1,55.3,67.1,1535,1.98,2.01,1.09
1.14,Fair,G,IF,63.4,65.5,6501,4.63,4.55,2.94
2.05,Good,E,VS2,62.4,65.2,6788,8.22,8.14,5.13
2.63,Premium,H,VVS2,63.8,52.6,17788,16.41,16.58,10.47
3.43,Premium,G,VVS1,64.4,60.5,23047,18.53,18.37,11.93
0.71,Premium,H,I1,55.4,59.9,3649,4.77,4.86,2.64
0.72,Ideal,G,I1,57.7,57.4,4050,3.26,3.3,1.88
2.45,Premium,D,VVS1,57.7,63.0,7318,14.47,14.69,8.35
0.42,Fair,J,VVS1,64.5,58.3,1959,1.79,1.79,1.15
2.5,Very Good,J,SI1,60.5,60.8,8477,10.23,10.39,6.19
0.6,Fair,F,VVS2,61.6,53.1,2389,4.05,4.02,2.49
3.44,Premium,D,VS1,63.9,68.3,9320,18.46,18.6,11.8
1.17,Ideal,G,VVS1,61.9,66.3,4061,6.66,6.58,4.12
1.97,Ideal,E,VVS1,62.8,68.7,11377,13.52,13.46,8.49
0.82,Fair,F,I1,64.3,58.3,5495,3.72,3.69,2.39
2.72,Premium,J,VS2,57.0,64.1,8552,14.43,14.29,8.23
0.45,Good,E,SI1,56.7,55.3,2029,2.62,2.65,1.49
0.59,Good,E,VVS2,58.8,53.1,1963,2.76,2.75,1.62
3.44,Good,J,VVS1,64.1,53.2,21812,23.73,23.32,15.21
1.18,Very Good,E,IF,55.5,68.0,2854,7.8,7.78,4.33
0.72,Very Good,H,I1,55.6,66.1,3504,3.82,3.88,2.12
2.76,Ideal,E,I1,62.1,51.8,11312,16.25,16.12,10.09
1.87,Ideal,I,SI2,56.5,68.3,5586,8.33,8.34,4.71
0.87,Ideal,E,SI1,55.8,58.7,3537,3.95,3.92,2.2
2.16,Fair,F,VVS1,63.4,58.8,15038,10.71,10.64,6.79
0.36,Very Good,I,VS1,57.5,56.3,1597,1.56,1.53,0.9
2.63,Ideal,J,I1,56.5,63.0,14437,15.26,15.4,8.62
2.46,Fair,D,SI1,61.0,60.4,16942,9.99,9.98,6.09
0.24,Very Good,D,I1,64.9,57.9,938,1.1,1.11,0.71
0.35,Very Good,I,I1,57.6,67.2,1728,1.95,1.93,1.12
3.13,Premium,D,VS1,59.2,65.6,11609,14.84,14.87,8.79
3.44,Ideal,I,IF,56.2,60.4,9252,21.34,20.91,11.99
3.32,Premium,D,VS2,58.6,54.8,12307,19.31,19.23,11.32
2.08,Good,D,SI1,61.6,61.8,13125,13.11,12.95,8.08
1.2,Very Good,J,IF,58.2,51.3,3753,8.02,7.86,4.67
2.65,Good,E,VVS1,58.1,65.2,17623,13.47,13.57,7.83
0.22,Good,H,VS1,57.4,59.2,759,1.15,1.13,0.66
0.94,Ideal,J,IF,62.8,59.6,3657,4.56,4.62,2.86
0.81,Fair,I,VVS1,59.3,62.6,3563,5.33,5.4,3.16
1.22,Premium,H,SI2,59.4,60.2,8304,7.01,7.09,4.16
1.7,Premium,D,I1,59.2,59.9,4875,11.35,11.41,6.72
3.0,Very Good,G,IF,64.7,60.9,16598,13.5,13.5,8.73
0.56,Very Good,D,I1,57.4,59.8,1887,2.57,2.54,1.48
2.37,Fair,I,I1,64.5,60.8,11944,16.18,16.11,10.44
1.33,Very Good,H,SI2,57.7,67.5,7811,8.81,8.81,5.08
2.85,Very Good,I,VVS1,61.0,65.2,19893,12.14,12.05,7.41
1.81,Good,H,IF,60.6,54.9,6100,8.35,8.37,5.06
0.63,Ideal,G,SI2,56.2,50.4,2969,2.53,2.48,1.42
0.44,Fair,J,SI1,62.3,50.4,2252,2.68,2.69,1.67
1.88,Good,F,I1,64.6,59.8,9748,13.09,12.87,8.46
2.35,Very Good,I,SI1,61.2,64.0,6776,14.21,14.21,8.7
1.22,Fair,H,VS1,57.5,58.4,7260,8.45,8.44,4.86
1.66,Fair,D,VS2,61.7,64.8,5311,10.6,10.65,6.54
1.15,Ideal,E,VVS1,57.0,68.1,7021,5.44,5.36,3.1
1.02,Ideal,E,VVS2,60.5,56.7,4648,6.49,6.47,3.93
3.31,Premium,F,VVS2,62.2,68.8,9875,18.31,18.06,11.39
2.98,Premium,J,VVS2,59.8,61.4,11353,16.81,17.05,10.05
2.89,Very Good,I,VVS2,65.0,54.6,7702,16.83,16.57,10.94
0.63,Very Good,I,I1,60.1,61.7,1346,4.02,4.06,2.42
3.47,Good,F,IF,58.9,63.4,17179,18.97,18.73,11.17
1.85,Premium,E,VS2,64.9,63.0,12828,7.43,7.46,4.82
1.13,Good,I,SI2,55.7,63.5,3060,5.79,5.9,3.23
0.25,Good,E,VVS1,60.3,50.9,793,1.37,1.39,0.83
2.56,Good,I,SI2,57.9,51.7,14423,17.37,17.64,10.06
0.88,Fair,D,I1,57.9,65.3,2958,5.7,5.59,3.3
3.26,Fair,D,IF,59.7,69.4,10060,15.59,15.9,9.31
0.66,Premium,J,VS2,58.8,62.8,3206,3.03,3.01,1.78
1.88,Fair,E,SI1,62.0,58.0,7600,8.97,8.93,5.56
3.45,Premium,J,VVS2,55.9,63.6,18329,23.12,22.8,12.92
0.72,Good,J,VS1,59.0,70.0,2752,3.67,3.7,2.17
2.17,Premium,H,SI1,57.2,60.2,9027,10.61,10.5,6.07
0.95,Ideal,H,VS1,59.7,59.6,3013,5.2,5.2,3.1
2.93,Fair,I,IF,63.8,52.8,9103,14.74,14.84,9.4
2.15,Very Good,F,SI2,55.8,53.8,10840,9.36,9.38,5.22
2.15,Very Good,G,SI1,58.0,56.8,13226,8.99,9.06,5.21
3.09,Ideal,D,VS2,57.6,57.5,10644,17.66,17.85,10.17
1.73,Fair,I,VVS2,55.9,60.1,8221,10.59,10.6,5.92
3.04,Very Good,F,SI2,56.5,66.9,19965,20.8,20.78,11.75
2.43,Fair,H,SI1,64.5,67.9,9382,13.14,13.27,8.48
0.59,Good,D,IF,63.3,53.3,2347,2.89,2.84,1.83
1.61,Ideal,H,SI1,58.6,53.2,9931,9.21,9.16,5.4
1.15,Ideal,G,VVS1,55.9,63.8,6418,5.51,5.56,3.08
2.48,Fair,D,IF,55.5,64.8,9165,13.51,13.25,7.5
0.28,Premium,H,VS1,58.7,52.7,1669,1.52,1.52,0.89
2.31,Fair,J,VS2,57.0,58.6,12478,11.38,11.43,6.49
1.43,Very Good,F,I1,63.1,57.3,4322,9.75,9.64,6.15
3.17,Ideal,H,VVS2,64.3,56.6,16696,17.86,18.01,11.48
1.59,Ideal,F,VVS2,58.9,50.3,4623,8.24,8.35,4.85
0.74,Fair,D,SI1,60.2,64.2,4720,5.16,5.11,3.11
2.19,Very Good,D,IF,63.7,57.8,8734,13.68,13.79,8.71
2.04,Ideal,H,I1,61.2,68.6,9559,10.93,10.88,6.69
0.99,Premium,F,IF,56.8,68.5,5304,4.39,4.33,2.49
1.41,Very Good,H,I1,57.0,55.4,8414,8.73,8.86,4.98
3.35,Very Good,F,SI1,59.6,51.5,20369,19.84,19.54,11.82
2.77,Very Good,H,I1,56.9,60.6,12024,17.09,17.15,9.72
1.8,Good,D,VVS1,59.9,65.6,9909,11.07,11.19,6.63
1.47,Fair,D,I1,63.9,64.3,9745,6.74,6.79,4.31
0.88,Fair,I,I1,59.7,58.3,3851,4.16,4.08,2.48
1.8,Very Good,D,I1,61.2,56.8,8696,11.19,11.36,6.85
2.46,Fair,D,VVS2,58.1,50.4,12330,14.91,14.9,8.66
0.74,Premium,I,SI1,62.3,66.9,1468,5.12,5.08,3.19
0.25,Fair,J,I1,61.0,67.2,779,1.11,1.11,0.68
1.97,Fair,J,I1,61.1,66.6,11250,8.69,8.71,5.31
2.48,Premium,E,IF,59.9,55.1,10405,15.61,15.79,9.35
2.49,Good,H,VS2,62.7,60.2,7570,16.34,16.32,10.25
3.06,Good,F,I1,57.7,67.8,20654,20.96,20.72,12.09
0.65,Very Good,F,SI2,57.5,61.0,2107,2.74,2.73,1.58
3.32,Good,F,VVS2,61.4,56.8,19130,18.54,18.52,11.38
1.69,Premium,D,I1,64.3,69.9,9143,10.83,10.61,6.96
1.44,Very Good,I,SI2,60.9,67.5,9676,8.72,8.74,5.31
0.52,Fair,J,SI2,62.3,52.2,1867,3.22,3.19,2.01
2.91,Premium,D,VS2,61.8,65.9,9897,19.84,19.84,12.26
0.74,Very Good,D,VS2,61.6,56.3,3237,5.16,5.21,3.18
1.54,Good,I,VVS1,57.1,63.7,9413,9.97,10.15,5.69
0.4,Good,D,VVS2,62.8,52.4,2256,1.76,1.74,1.11
1.92,Fair,I,VVS2,55.7,57.3,8188,10.73,10.61,5.98
1.33,Very Good,H,SI2,58.4,57.4,4892,9.13,8.97,5.33
2.56,Very Good,E,I1,63.8,59.8,7866,14.21,14.24,9.07
2.54,Very Good,D,SI2,59.1,65.3,14488,17.62,17.54,10.41
2.98,Fair,D,I1,58.3,51.5,10976,15.6,15.75,9.09
2.14,Good,F,VVS2,58.4,68.1,9644,9.1,9.18,5.31
3.2,Fair,I,VS2,61.6,62.7,9705,13.38,13.62,8.24
0.28,Very Good,G,VVS1,57.8,65.5,1711,1.88,1.85,1.09
2.01,Good,G,VVS2,62.4,61.6,12509,11.95,11.97,7.46
1.85,Fair,E,VS1,58.8,58.1,11415,12.55,12.48,7.38
1.23,Premium,J,IF,59.8,65.1,6670,6.85,6.74,4.1
2.31,Good,H,SI1,56.9,57.4,7588,10.65,10.76,6.06
2.77,Premium,D,VVS2,58.8,52.0,9613,13.8,13.69,8.11
2.82,Ideal,J,IF,62.8,63.8,18414,18.75,18.97,11.78
2.33,Ideal,E,SI2,60.1,61.5,6773,15.33,15.2,9.21
2.1,Good,H,SI2,64.5,55.3,10011,13.49,13.64,8.7
0.62,Good,D,VS1,64.4,56.3,3808,3.84,3.85,2.47
1.7,Very Good,I,IF,64.4,65.8,5230,9.42,9.33,6.07
1.02,Fair,H,VVS2,63.7,59.9,5612,6.3,6.31,4.01
1.03,Very Good,J,I1,61.6,51.4,4496,4.46,4.54,2.75
0.25,Very Good,F,VVS1,57.8,51.6,1386,1.18,1.18,0.68
3.03,Good,G,VS2,64.2,62.7,15557,15.02,15.18,9.64
1.26,Fair,I,IF,55.4,61.3,8177,6.17,6.13,3.42
3.44,Ideal,D,VVS2,62.1,50.0,17614,17.39,17.24,10.8
2.82,Ideal,G,VVS1,61.5,67.5,12089,13.63,13.53,8.38
3.4,Very Good,I,SI1,60.6,53.5,22750,21.46,21.72,13.0
1.71,Very Good,J,SI1,57.3,66.8,8004,9.21,9.1,5.28
0.87,Very Good,I,VS1,56.3,53.0,1862,5.9,5.85,3.32
1.63,Very Good,G,VVS2,59.3,69.0,7200,7.9,7.84,4.68
2.64,Good,J,VVS1,64.7,58.5,10751,16.47,16.61,10.66
2.0,Ideal,H,SI1,58.4,51.8,7999,8.21,8.37,4.79
0.55,Fair,E,VVS1,62.4,52.6,2120,2.44,2.47,1.52
2.76,Premium,H,I1,56.4,51.0,15599,17.43,17.19,9.83
2.92,Fair,F,I1,60.7,57.0,16139,12.34,12.27,7.49
3.42,Ideal,J,VS1,60.0,51.5,9320,14.28,14.18,8.57
1.95,Good,H,I1,55.3,64.4,8052,12.56,12.55,6.95
1.98,Fair,D,IF,61.6,56.2,11699,10.42,10.56,6.42
3.15,Ideal,G,VVS1,64.3,60.1,12261,18.13,17.84,11.66
2.43,Very Good,E,VVS1,58.1,50.5,7436,12.03,11.92,6.99
3.36,Ideal,D,IF,63.8,66.9,18051,18.34,18.25,11.7
2.42,Premium,E,SI2,57.4,56.9,14881,9.86,9.71,5.66
1.97,Fair,D,VVS2,60.7,61.3,13234,10.4,10.5,6.31
0.27,Very Good,G,VVS2,58.6,51.8,1933,1.79,1.77,1.05
3.14,Premium,D,VS1,64.2,52.9,12802,20.63,20.31,13.24
1.75,Very Good,I,VVS1,59.0,54.5,7599,8.33,8.42,4.91
2.0,Fair,G,VVS2,55.0,55.1,13079,13.47,13.53,7.41
2.01,Very Good,G,SI1,58.6,60.5,12548,11.44,11.38,6.7
0.27,Premium,D,SI2,55.8,52.8,498,1.1,1.09,0.61
0.81,Fair,D,VVS1,57.5,54.5,5456,3.89,3.84,2.24
3.03,Premium,J,VS2,57.6,60.1,17939,15.63,15.6,9.0
3.09,Fair,E,SI1,55.8,60.4,20603,12.46,12.39,6.95
2.02,Very Good,H,VS1,55.1,67.7,5206,11.48,11.53,6.33
1.23,Very Good,D,SI2,62.1,52.1,8493,7.41,7.34,4.6
1.99,Ideal,F,SI1,56.9,57.6,8369,12.29,12.21,6.99
3.36,Very Good,F,VS2,58.9,55.6,22693,19.46,19.7,11.46
0.36,Premium,H,SI1,59.8,59.5,1585,2.06,2.06,1.23
3.46,Premium,H,VVS1,56.2,57.8,22910,22.97,23.16,12.91
1.15,Very Good,D,SI1,56.9,63.1,4931,6.28,6.4,3.57
0.84,Ideal,E,VS2,64.7,59.6,2353,3.64,3.57,2.36
0.61,Fair,G,SI2,59.6,62.6,1942,2.81,2.77,1.67
0.74,Very Good,H,I1,63.4,62.6,4628,4.84,4.81,3.07
1.69,Fair,E,SI1,56.9,52.6,7298,9.2,9.25,5.23
1.8,Very Good,F,VS2,59.9,58.5,4852,9.48,9.37,5.68
1.51,Very Good,I,VVS1,56.6,53.3,8281,8.26,8.38,4.68
3.26,Premium,G,I1,60.5,68.8,10984,21.55,21.44,13.04
0.39,Ideal,H,SI2,64.8,61.9,1801,1.82,1.85,1.18
0.85,Premium,H,VVS2,63.6,68.7,3671,4.93,5.0,3.14
3.31,Premium,D,IF,58.8,68.1,10858,13.4,13.28,7.88
1.19,Premium,G,IF,58.2,63.2,3943,7.21,7.25,4.2
2.21,Premium,J,IF,57.3,58.3,9668,14.63,14.53,8.38
0.42,Ideal,G,SI1,58.8,62.6,1224,2.69,2.74,1.58
3.15,Very Good,E,IF,64.9,67.2,13379,20.29,20.08,13.17
1.73,Ideal,H,VVS2,61.7,67.0,10570,10.72,10.7,6.61
1.91,Fair,F,VS2,62.3,57.7,7960,13.06,13.32,8.14
2.18,Good,G,IF,61.6,51.8,8637,12.52,12.74,7.71
1.05,Very Good,H,SI2,62.1,64.1,3207,5.0,4.96,3.1
1.65,Good,D,VS1,60.7,53.0,8570,9.55,9.43,5.8
1.14,Very Good,I,VS1,56.0,67.3,4218,7.27,7.36,4.07
0.84,Fair,F,I1,62.1,55.7,5416,4.27,4.25,2.65
1.04,Fair,H,VS2,56.1,61.8,3997,5.31,5.3,2.98
1.77,Good,E,VVS2,56.5,64.3,6790,12.38,12.22,6.99
1.14,Very Good,E,I1,56.5,60.5,6064,5.75,5.77,3.25
0.37,Good,F,VS2,60.0,57.4,1093,2.27,2.27,1.36
0.48,Very Good,H,SI2,57.5,52.8,2706,3.05,3.0,1.75
1.92,Premium,G,IF,59.8,62.3,10981,7.72,7.74,4.62
0.8,Ideal,D,VVS1,63.1,57.9,3610,4.86,4.9,3.07
2.48,Fair,J,VS2,60.8,51.0,16128,15.86,15.9,9.64
1.95,Premium,H,VVS1,62.3,57.1,8675,11.98,12.04,7.46
3.13,Good,F,VVS2,61.5,63.7,13212,13.01,13.12,8.0
0.65,Very Good,D,VS2,55.4,64.6,4382,3.32,3.37,1.84
1.0,Good,E,VVS1,60.9,51.9,5324,4.17,4.12,2.54
1.95,Fair,H,I1,60.0,61.7,11115,10.35,10.2,6.21
1.37,Fair,H,VVS1,58.5,59.5,7888,8.18,8.09,4.79
1.2,Premium,D,VS2,59.2,56.9,7345,6.56,6.67,3.88
1.88,Very Good,E,VS1,56.7,58.9,6060,11.97,11.76,6.79
2.94,Very Good,H,VS1,61.2,51.2,8187,20.38,20.6,12.47
2.17,Premium,E,SI1,63.8,60.2,11170,9.94,10.11,6.34
1.4,Good,H,SI1,58.7,68.7,7840,7.28,7.24,4.27
2.28,Very Good,G,IF,58.0,50.1,7881,15.16,14.86,8.79
0.99,Good,H,VS1,55.5,69.0,4218,6.41,6.3,3.56
1.59,Good,E,IF,57.4,65.0,8333,7.09,7.15,4.07
0.67,Premium,H,VS1,61.4,56.9,1903,4.55,4.55,2.79
3.27,Fair,F,VS2,63.3,58.9,17497,13.45,13.67,8.51
2.44,Fair,D,VVS1,62.3,66.5,8375,12.47,12.22,7.77
1.85,Good,F,SI2,58.7,59.7,9306,11.47,11.61,6.73
3.19,Premium,F,VVS1,58.7,67.6,10499,21.45,21.56,12.59
2.92,Premium,E,SI2,59.7,60.4,8523,18.4,18.6,10.98
2.73,Fair,G,I1,63.4,59.8,11015,14.16,14.41,8.98
0.95,Good,F,SI2,62.2,56.1,5614,4.59,4.63,2.85
3.4,Very Good,D,IF,56.1,61.9,16813,23.73,24.01,13.31
2.69,Ideal,G,VVS2,60.3,60.8,10413,13.79,13.95,8.32
0.29,Ideal,I,VVS2,56.4,56.1,1322,1.17,1.19,0.66
1.2,Ideal,E,VVS1,63.0,59.5,5455,7.95,7.85,5.01
2.66,Fair,H,VS2,62.6,51.7,14412,13.41,13.38,8.39
0.96,Fair,F,IF,57.6,53.6,6440,5.79,5.89,3.34
2.53,Premium,G,VS2,62.7,65.7,12867,14.36,14.53,9.0
1.89,Good,D,I1,61.6,67.5,8149,13.0,13.22,8.01
2.18,Fair,J,VS2,64.8,68.3,11186,13.64,13.49,8.84
2.6,Fair,D,SI1,58.2,50.6,12279,10.54,10.67,6.13
2.39,Very Good,J,SI2,59.3,61.7,10259,10.73,10.9,6.36
2.3,Ideal,I,SI1,61.8,52.9,7589,12.79,12.84,7.9
1.98,Ideal,G,SI2,57.4,60.2,7190,10.73,10.58,6.16
3.24,Very Good,H,VVS2,63.9,52.4,11437,14.16,13.98,9.05
1.88,Premium,G,VVS2,60.1,56.3,4710,8.67,8.81,5.21
3.07,Good,F,VVS2,56.7,67.4,18228,14.12,14.13,8.01
0.56,Premium,F,SI2,60.7,61.5,3146,3.0,3.05,1.82
1.48,Premium,H,VS1,59.9,50.0,9475,8.33,8.43,4.99
1.59,Good,D,VS1,58.7,66.0,6852,6.84,6.84,4.02
2.93,Ideal,H,SI1,61.1,64.4,11508,16.01,16.08,9.78
2.53,Ideal,E,SI2,57.5,51.1,9757,14.68,14.48,8.44
1.01,Good,H,VVS1,64.1,69.5,3717,4.54,4.46,2.91
0.34,Premium,G,VS2,60.5,57.8,2608,2.04,2.06,1.23
2.04,Good,I,VVS1,56.5,62.6,6006,12.23,12.38,6.91
1.92,Very Good,I,SI2,59.9,63.9,12487,11.27,11.31,6.75
2.93,Premium,H,VVS1,57.1,67.4,19717,14.34,14.55,8.19
1.83,Ideal,J,VVS1,56.2,57.9,7586,9.93,9.96,5.58
1.2,Good,E,SI2,55.0,54.6,4891,5.86,5.96,3.22
2.63,Premium,H,SI2,56.2,66.5,18150,16.29,16.11,9.15
1.48,Ideal,F,SI1,62.3,66.6,6040,7.96,8.06,4.96
1.46,Very Good,H,SI2,61.3,53.3,5794,6.49,6.5,3.98
0.64,Good,I,VVS2,63.3,63.8,3667,3.34,3.32,2.11
1.97,Fair,F,VS1,55.4,52.5,7556,12.94,12.87,7.17
2.14,Fair,I,VVS1,60.6,55.9,5836,11.02,10.95,6.68
2.05,Premium,D,VS1,60.1,58.6,6899,13.7,13.88,8.23
1.34,Fair,F,VS1,60.5,58.0,5956,8.09,8.25,4.89
1.63,Very Good,I,VS2,60.6,68.2,4744,9.32,9.2,5.65
2.5,Premium,I,VVS2,60.7,53.1,6178,15.81,15.9,9.6
1.52,Good,F,VS2,56.8,61.7,9731,9.53,9.52,5.41
1.33,Ideal,H,IF,57.2,51.5,7868,7.73,7.59,4.42
0.36,Fair,I,I1,60.6,50.7,2054,1.71,1.74,1.04
3.23,Ideal,D,IF,60.3,53.5,8641,16.54,16.49,9.97
2.79,Fair,I,VVS2,62.8,68.2,17959,18.36,18.4,11.53
1.27,Premium,G,VS2,57.4,59.2,7086,8.1,8.1,4.65
1.39,Very Good,E,VS2,63.1,58.4,3529,8.9,8.73,5.62
2.89,Premium,I,IF,60.3,69.2,11251,15.45,15.52,9.32
2.78,Good,H,VS1,57.5,61.5,7904,12.77,12.98,7.34
1.26,Good,F,VS2,62.4,64.6,6530,5.16,5.19,3.22
0.96,Very Good,F,VS2,61.1,55.5,6662,4.98,5.02,3.04
2.81,Premium,J,SI2,56.4,65.8,11405,15.76,15.73,8.89
0.99,Premium,D,VS1,64.5,59.3,3304,4.39,4.35,2.83
0.5,Very Good,E,VVS1,59.2,57.7,3207,2.95,2.91,1.75
0.96,Fair,G,VS2,64.4,64.9,4840,5.24,5.3,3.37
3.45,Very Good,E,VS2,55.1,66.2,10592,16.21,16.1,8.93
3.21,Fair,F,VVS2,57.1,58.3,17422,20.86,20.48,11.91
2.62,Fair,I,SI1,57.3,50.6,16686,16.76,16.8,9.6
1.84,Ideal,I,IF,61.8,62.6,11666,11.27,11.21,6.96
1.27,Very Good,F,VVS2,55.8,55.5,6894,7.73,7.66,4.31
2.14,Premium,F,VVS1,63.5,54.9,14399,13.92,13.97,8.84
0.72,Premium,H,IF,65.0,66.1,1946,4.38,4.36,2.85
1.11,Ideal,E,VS2,61.6,65.7,4739,6.09,6.02,3.75
2.24,Good,I,SI1,58.2,62.1,9368,13.4,13.56,7.8
3.32,Very Good,G,VVS2,64.3,51.7,23332,18.21,17.89,11.71
1.49,Ideal,G,SI2,62.3,59.2,8427,6.39,6.31,3.98
0.79,Fair,J,IF,59.3,53.5,4877,5.22,5.3,3.1
0.62,Premium,G,I1,57.2,53.7,3772,4.12,4.1,2.36
0.45,Fair,E,VS1,61.0,52.5,2877,2.28,2.25,1.39
0.23,Very Good,D,I1,64.7,66.8,1505,1.29,1.31,0.83
2.13,Fair,I,I1,58.3,55.2,6002,9.76,9.79,5.69
1.03,Fair,H,VVS2,58.7,53.3,5699,6.63,6.51,3.89
2.31,Very Good,G,SI1,58.4,63.9,14265,13.79,13.68,8.05
0.86,Very Good,G,VVS2,63.6,67.9,4611,5.09,5.09,3.24
3.24,Premium,H,I1,59.7,65.7,14340,17.32,17.64,10.34
0.75,Ideal,I,VS1,56.2,69.1,2084,4.43,4.35,2.49
2.64,Ideal,H,VVS1,61.7,54.4,8008,12.83,12.71,7.92
0.4,Good,E,VVS1,61.6,55.5,2180,2.04,2.03,1.26
1.01,Fair,G,VVS2,59.7,54.7,5796,6.33,6.39,3.78
2.53,Premium,D,VS2,56.4,69.7,13853,10.34,10.48,5.83
2.09,Ideal,D,VVS2,60.0,58.0,12863,13.78,13.74,8.27
0.85,Premium,F,VVS2,59.5,50.9,5022,5.2,5.24,3.09
1.71,Fair,H,VVS1,64.0,53.9,10032,10.52,10.58,6.73
2.79,Good,G,I1,55.8,68.2,9952,15.46,15.28,8.63
1.88,Premium,I,I1,58.2,51.3,6889,11.57,11.55,6.73
2.14,Good,F,VVS1,64.8,54.7,13072,10.02,10.19,6.49
2.44,Ideal,G,IF,61.4,57.0,12596,14.88,15.05,9.14
1.02,Very Good,F,VS2,55.7,64.2,6658,6.26,6.27,3.49
2.07,Fair,G,VVS2,62.5,66.7,6800,14.32,14.27,8.95
1.18,Good,J,SI1,64.6,52.1,6723,6.15,6.11,3.97
0.54,Premium,D,SI2,63.4,63.6,3393,2.65,2.7,1.68
0.54,Ideal,J,IF,63.6,53.5,1439,3.58,3.57,2.28
0.61,Very Good,D,IF,58.9,65.5,2281,3.69,3.62,2.17
0.44,Premium,H,VVS1,60.1,67.4,1673,3.06,3.03,1.84
2.17,Ideal,E,SI2,57.3,57.6,11722,11.19,11.41,6.41
1.1,Premium,G,VVS1,58.1,50.5,4562,7.13,7.1,4.14
2.66,Good,H,VS1,62.9,51.3,13297,17.61,17.94,11.08
1.99,Ideal,I,I1,58.9,64.9,9786,10.26,10.4,6.04
2.2,Good,E,VVS1,60.0,54.5,12997,9.96,9.93,5.98
2.27,Ideal,F,VVS2,64.9,58.3,13959,9.45,9.28,6.13
2.9,Good,E,VVS2,60.4,64.2,17729,16.36,16.31,9.88
3.28,Premium,J,VVS1,59.0,68.7,15044,19.32,19.36,11.4
2.89,Fair,H,SI2,63.3,60.3,11959,18.51,18.75,11.72
1.59,Ideal,E,VVS1,62.0,65.7,4966,6.97,6.93,4.32
1.86,Very Good,J,IF,56.5,61.0,10506,10.32,10.44,5.83
0.58,Good,H,SI1,60.9,55.3,3590,2.5,2.47,1.52
2.53,Fair,E,SI1,55.1,50.3,9361,14.83,14.59,8.17
2.2,Premium,D,SI2,62.7,50.7,9692,15.04,15.14,9.43
3.33,Very Good,I,I1,60.5,56.1,8397,13.96,14.1,8.45
0.36,Fair,J,VS2,56.9,58.7,1355,1.64,1.63,0.93
0.59,Premium,H,SI1,58.5,52.3,2027,2.56,2.51,1.5
1.31,Fair,I,VS1,64.7,60.4,3066,6.76,6.83,4.37
3.09,Good,F,VS1,64.8,68.3,12102,18.56,18.26,12.03
0.25,Ideal,G,I1,62.9,65.4,698,1.1,1.12,0.69
0.44,Very Good,J,SI1,59.8,60.7,2676,2.51,2.51,1.5
3.09,Very Good,J,SI1,57.7,69.2,18432,17.56,17.3,10.13
2.57,Ideal,H,SI1,60.7,56.3,17302,17.4,17.66,10.56
2.08,Fair,F,VS2,60.0,55.5,9270,8.36,8.38,5.02
2.87,Very Good,F,IF,57.9,63.9,17103,17.6,17.89,10.19
1.2,Ideal,J,VS1,60.2,59.5,7079,7.99,7.93,4.81
3.27,Ideal,G,VVS2,59.7,57.9,13795,14.85,14.7,8.87
0.89,Premium,G,SI1,64.9,56.6,3089,5.28,5.22,3.43
2.99,Fair,I,VS2,60.4,67.6,16565,12.88,12.93,7.78
0.83,Fair,H,I1,60.3,51.2,4747,4.89,4.84,2.95
0.86,Fair,G,SI1,63.7,54.9,5423,5.64,5.58,3.59
2.78,Ideal,D,SI1,57.4,50.2,10081,18.38,18.59,10.55
1.7,Premium,J,IF,61.3,59.4,4679,10.64,10.61,6.52
1.39,Ideal,D,VS2,56.9,64.1,7152,9.58,9.72,5.45
2.4,Good,I,VS2,64.7,69.0,10837,14.19,14.01,9.18
2.97,Very Good,I,VS2,56.4,69.6,15791,15.83,16.09,8.93
3.08,Fair,D,VVS2,61.8,51.6,15981,16.7,16.84,10.32
3.28,Good,G,VS2,58.2,63.3,9494,15.42,15.39,8.97
1.21,Good,D,VVS2,56.5,53.8,4490,8.38,8.25,4.73
1.2,Very Good,D,VVS2,57.4,60.6,6185,6.5,6.42,3.73
3.04,Good,I,I1,59.3,57.3,20073,14.26,13.98,8.46
2.51,Good,H,VVS1,64.3,57.2,10687,17.41,17.42,11.19
3.32,Fair,H,VS2,60.4,63.7,18603,18.17,17.88,10.97
2.57,Very Good,D,SI1,63.0,57.3,9068,13.67,13.71,8.61
0.28,Good,F,VVS2,64.5,57.7,974,1.61,1.61,1.04
2.35,Fair,I,VVS1,55.9,65.7,10964,9.79,9.89,5.47
0.23,Ideal,G,VVS1,56.7,50.6,1038,1.44,1.46,0.82
0.65,Fair,J,VVS1,59.2,50.6,2401,3.64,3.58,2.15
0.7,Good,I,IF,64.7,56.7,3087,4.77,4.8,3.09
2.21,Good,D,VVS2,61.1,66.4,7061,10.86,10.72,6.64
0.55,Ideal,J,IF,63.9,64.0,1799,3.42,3.43,2.19
2.14,Premium,I,VVS2,59.2,51.6,10197,14.77,14.54,8.74
0.72,Fair,F,SI1,55.9,52.4,4465,4.75,4.75,2.66
0.98,Very Good,J,SI1,62.5,67.5,4464,5.37,5.33,3.36
3.44,Fair,I,I1,64.3,59.5,21736,18.55,18.52,11.93
2.39,Very Good,D,I1,62.7,52.2,11715,15.05,14.83,9.44
0.46,Premium,D,VS1,58.9,60.9,3043,2.99,2.94,1.76
3.32,Fair,F,VVS1,61.1,53.0,15425,22.81,22.58,13.94
1.06,Good,E,VS2,62.3,55.3,5180,6.85,6.76,4.27
2.07,Good,E,I1,56.4,53.6,10006,14.48,14.39,8.17
0.9,Ideal,I,I1,62.8,53.8,4529,4.28,4.24,2.69
3.34,Ideal,F,VVS1,64.2,61.1,10183,15.12,15.35,9.71
0.92,Very Good,H,IF,58.8,60.9,5243,5.66,5.7,3.33
3.24,Ideal,J,IF,59.0,65.0,21959,20.7,20.44,12.21
1.04,Good,H,IF,56.6,63.9,6206,5.39,5.37,3.05
0.95,Very Good,E,VS1,62.4,63.9,4114,5.36,5.42,3.34
0.48,Ideal,D,VS1,62.8,56.0,2877,2.66,2.68,1.67
1.54,Premium,I,VS2,55.5,58.3,4624,6.77,6.88,3.76
1.57,Premium,G,VVS1,58.8,56.4,5401,7.86,7.86,4.62
3.44,Ideal,J,SI2,59.8,68.3,12052,20.57,20.9,12.3
0.59,Premium,I,VS1,57.3,50.4,2290,3.46,3.46,1.98
3.41,Very Good,H,VS2,62.7,63.3,17316,23.02,22.8,14.43
2.54,Ideal,I,SI1,61.1,60.9,6543,13.72,13.74,8.38
2.35,Fair,E,VS1,55.0,51.5,11856,9.87,9.79,5.43
1.6,Ideal,H,IF,63.8,65.4,7033,6.98,6.96,4.45
2.83,Fair,E,VS1,60.8,67.2,7756,18.19,17.97,11.06
0.48,Very Good,F,SI1,58.9,58.0,1710,2.14,2.12,1.26
0.4,Fair,H,SI2,59.4,68.4,2284,2.08,2.08,1.24
2.27,Ideal,J,VS2,62.5,64.6,12002,11.04,10.87,6.9
2.68,Ideal,J,I1,60.5,65.4,15055,12.38,12.13,7.49
2.53,Fair,G,VVS1,64.1,50.0,13102,15.09,15.12,9.67
2.04,Very Good,E,SI1,56.8,58.3,11913,11.91,11.97,6.76
0.83,Very Good,D,VS1,63.1,69.7,3944,4.17,4.09,2.63
1.74,Good,E,I1,58.8,65.6,8747,11.57,11.62,6.8
3.28,Ideal,J,IF,62.5,69.8,17073,21.77,22.12,13.61
3.0,Premium,E,SI2,60.5,57.0,12936,14.68,14.52,8.88
0.95,Good,D,VS1,56.5,63.6,5476,3.97,4.03,2.24
1.69,Very Good,D,SI2,56.8,55.4,6250,7.42,7.51,4.21
0.7,Ideal,E,VS2,57.1,62.7,2740,4.87,4.87,2.78
2.86,Fair,H,VVS2,59.2,64.5,10837,11.75,11.52,6.96
2.6,Ideal,H,SI1,58.8,50.9,9591,11.16,11.38,6.56
1.82,Fair,I,SI1,55.8,63.0,6801,8.13,8.25,4.54
3.04,Premium,F,VVS2,62.2,64.0,15694,16.34,16.51,10.16
2.6,Good,H,I1,59.8,53.5,13910,11.49,11.31,6.87
0.52,Good,J,SI1,58.9,55.0,3505,2.12,2.15,1.25
2.76,Very Good,J,I1,60.8,61.0,15036,15.61,15.44,9.49
2.04,Fair,G,SI1,62.4,56.7,7883,13.09,13.01,8.17
0.9,Ideal,H,IF,55.9,62.5,4298,4.91,4.82,2.74
0.76,Ideal,D,SI1,56.6,55.5,2316,5.08,5.04,2.88
2.78,Ideal,D,VVS1,55.7,61.0,19361,15.66,15.55,8.72
3.19,Ideal,H,VVS2,58.8,68.8,14968,21.65,21.64,12.73
2.96,Ideal,I,VS1,55.1,53.9,16295,18.02,17.84,9.93
2.18,Premium,F,VVS2,56.3,67.6,13203,12.64,12.61,7.12
1.13,Premium,E,VVS2,62.2,60.5,4782,6.88,6.99,4.28
2.37,Very Good,D,IF,55.3,61.4,8342,13.21,13.16,7.31
2.91,Very Good,D,I1,64.4,53.6,9433,14.83,15.07,9.55
3.28,Good,E,SI1,61.7,60.5,21458,15.82,15.72,9.76
0.25,Fair,H,VVS1,56.5,67.8,1072,1.7,1.67,0.96
1.5,Good,H,IF,64.1,56.1,5398,9.07,8.92,5.81
1.19,Ideal,G,I1,64.3,69.0,3254,7.96,8.01,5.12
2.79,Premium,G,VS2,63.0,53.4,13436,17.92,17.87,11.29
3.24,Ideal,E,VS1,58.3,60.8,20660,20.75,20.75,12.1
0.85,Premium,H,SI2,55.6,67.5,3570,5.51,5.56,3.06
2.94,Premium,J,I1,63.5,57.1,10607,14.45,14.72,9.18
1.91,Fair,J,VVS2,55.5,62.6,7258,8.96,9.03,4.97
3.32,Fair,I,VS2,56.8,51.1,20971,22.74,23.02,12.92
0.41,Fair,G,SI1,59.8,61.2,1864,2.36,2.38,1.41
2.13,Fair,J,SI2,60.9,69.4,10474,11.72,11.86,7.14
2.98,Very Good,G,IF,57.6,68.6,14285,13.56,13.64,7.81
0.4,Premium,I,IF,56.0,68.5,1898,2.33,2.29,1.3
1.85,Premium,F,VVS1,55.1,68.0,8111,10.86,10.76,5.98
2.82,Ideal,J,I1,64.9,57.5,16545,17.05,17.05,11.07
1.96,Good,J,VS2,57.2,66.9,5936,8.24,8.37,4.71
2.45,Ideal,D,I1,63.0,59.6,6310,10.14,10.16,6.39
1.23,Good,E,VVS2,59.1,53.1,4141,6.64,6.54,3.92
0.31,Ideal,F,SI2,62.1,65.4,1902,2.0,1.99,1.24
0.78,Good,J,SI1,64.0,53.6,2321,3.98,3.92,2.55
0.93,Very Good,I,SI2,58.4,51.1,5445,4.86,4.86,2.84
2.1,Premium,E,VS2,57.0,62.8,14182,14.49,14.63,8.26
1.51,Very Good,J,SI1,58.9,58.0,9830,8.79,8.93,5.18
1.56,Good,D,SI1,59.1,65.8,10101,10.57,10.63,6.25
2.44,Good,G,VS1,62.5,54.8,9085,15.51,15.46,9.69
2.44,Premium,J,VVS1,64.7,62.1,15192,13.32,13.18,8.62
0.67,Good,E,I1,60.5,57.0,2054,3.64,3.64,2.2
0.88,Fair,H,SI1,63.9,65.9,3928,4.4,4.44,2.81
1.51,Premium,D,VS1,62.7,52.3,9872,8.6,8.64,5.39
2.21,Premium,J,I1,56.9,57.0,7160,12.77,12.74,7.27
3.36,Fair,G,SI2,62.8,62.6,18438,15.73,15.63,9.88
1.8,Fair,J,I1,64.4,64.2,9723,12.27,12.03,7.9
2.21,Good,F,I1,63.6,65.0,11967,8.92,9.07,5.67
1.55,Fair,F,IF,58.2,50.9,8974,7.18,7.09,4.18
2.84,Ideal,D,VS2,64.6,57.3,12886,18.78,18.7,12.13
0.21,Fair,J,SI2,61.7,50.3,1324,1.02,1.02,0.63
2.25,Ideal,D,VVS1,61.8,57.2,13019,14.41,14.4,8.91
1.93,Fair,H,I1,62.9,61.4,7921,8.92,9.0,5.61
3.11,Good,H,VVS1,64.4,58.0,16080,18.42,18.44,11.86
2.49,Ideal,E,SI1,61.4,51.3,12559,13.18,13.36,8.09
2.62,Very Good,F,SI1,63.5,62.2,11355,13.85,13.92,8.79
3.18,Very Good,I,VVS1,65.0,55.5,15073,18.47,18.39,12.01
2.15,Ideal,G,VVS1,55.7,56.9,12254,12.05,11.93,6.71
2.22,Premium,D,IF,57.8,69.6,8793,12.38,12.49,7.16
1.62,Very Good,J,I1,58.0,63.5,6347,7.87,7.98,4.56
2.47,Good,H,VS2,55.4,59.2,10601,12.65,12.59,7.01
0.85,Fair,F,VVS1,62.1,52.8,2651,4.19,4.13,2.6
1.02,Fair,G,VS1,60.0,53.2,5648,5.29,5.36,3.17
1.18,Ideal,E,VVS1,60.2,52.4,6240,7.58,7.43,4.56
2.31,Fair,F,IF,55.3,53.3,15097,11.81,11.73,6.53
0.9,Premium,J,VS1,56.5,66.8,2268,5.11,5.02,2.89
2.52,Very Good,J,IF,55.5,67.8,13121,12.33,12.24,6.84
2.04,Very Good,H,VVS1,60.2,50.7,8713,13.86,14.02,8.34
0.85,Premium,E,VVS1,56.2,61.6,2531,4.86,4.95,2.73
1.28,Ideal,F,VS1,62.4,50.7,3691,7.66,7.73,4.78
2.05,Premium,J,SI2,62.6,57.5,13406,8.25,8.24,5.16
2.43,Ideal,D,VVS2,59.9,64.8,8034,16.02,15.86,9.6
0.68,Very Good,J,SI2,59.4,59.9,1669,2.91,2.87,1.73
2.58,Good,F,IF,57.3,57.8,17109,13.99,14.1,8.02
0.29,Premium,F,SI1,58.0,68.4,2022,1.78,1.8,1.03
0.83,Ideal,H,IF,61.7,58.1,4950,4.08,4.04,2.52
2.3,Good,I,I1,61.0,67.8,14890,11.72,11.62,7.15
1.35,Ideal,G,VS2,61.8,68.8,6844,5.57,5.46,3.44
0.21,Ideal,J,I1,58.0,58.0,1393,1.07,1.06,0.62
2.35,Good,D,VVS2,63.9,68.9,10781,12.21,12.29,7.8
2.56,Ideal,D,I1,64.9,54.7,14142,10.72,10.56,6.96
2.1,Very Good,E,SI1,63.5,56.8,9605,13.68,13.52,8.69
0.27,Ideal,D,I1,61.2,61.9,1698,1.52,1.54,0.93
2.49,Ideal,E,VS2,61.1,61.3,15113,13.21,13.1,8.07
2.85,Premium,D,SI1,63.3,56.0,11212,11.46,11.55,7.25
0.67,Very Good,J,VS1,56.2,62.8,4239,3.69,3.65,2.07
0.27,Premium,F,VVS1,64.1,55.5,1973,1.68,1.65,1.08
3.45,Very Good,E,IF,61.3,69.5,22502,23.49,23.79,14.4
1.23,Very Good,I,SI2,60.1,65.8,8618,7.54,7.43,4.53
3.5,Premium,G,VS1,55.1,50.2,22638,17.93,17.83,9.88
3.46,Very Good,I,VVS2,57.3,56.2,20805,22.81,22.91,13.07
1.2,Fair,E,VS1,61.5,60.1,6734,6.01,6.04,3.7
2.25,Ideal,I,VS2,62.3,62.2,8409,11.44,11.6,7.13
1.33,Good,F,SI2,63.7,51.4,6787,5.42,5.35,3.45
2.91,Very Good,G,SI1,61.4,63.0,13250,18.02,17.87,11.06
0.26,Fair,G,VVS2,63.4,67.2,1255,1.36,1.38,0.86
2.25,Ideal,G,VS2,62.7,55.2,9099,12.64,12.39,7.93
2.2,Premium,G,VS1,60.5,58.8,14736,10.5,10.66,6.35
0.59,Fair,I,IF,58.0,64.4,2646,2.94,2.97,1.71
1.1,Premium,H,VVS2,58.9,57.6,5882,5.68,5.62,3.35
1.13,Very Good,F,SI1,59.4,55.7,4527,4.83,4.89,2.87
3.03,Very Good,E,IF,63.4,66.8,7950,13.13,12.89,8.32
3.41,Very Good,E,SI1,56.1,66.2,18832,21.19,21.56,11.89
2.07,Premium,H,VVS2,62.4,51.1,5289,10.29,10.33,6.42
2.46,Very Good,E,SI2,58.2,65.5,14470,10.32,10.36,6.01
1.3,Very Good,D,SI1,56.8,55.2,7573,8.02,7.9,4.56
0.61,Premium,G,VVS2,58.0,52.3,3360,2.92,2.9,1.69
2.12,Good,I,VVS1,60.7,64.8,8338,9.07,8.95,5.51
0.64,Very Good,J,I1,57.5,58.1,4186,3.84,3.82,2.21
2.32,Premium,H,I1,60.4,59.4,12800,11.85,12.07,7.16
0.62,Premium,J,VS2,60.1,55.0,3783,3.93,3.91,2.36
3.19,Premium,G,I1,64.3,63.8,17356,20.04,20.2,12.89
3.11,Ideal,E,SI2,57.1,57.9,13514,19.0,19.31,10.85
3.14,Premium,D,VVS2,58.4,53.5,16325,16.93,16.63,9.89
2.37,Very Good,I,IF,57.6,65.7,13209,12.16,11.96,7.0
0.63,Very Good,F,IF,64.4,66.6,3012,3.53,3.46,2.27
3.19,Ideal,G,VVS1,58.1,65.2,11534,17.36,17.14,10.09
1.95,Premium,J,SI2,59.0,57.9,11123,8.32,8.22,4.91
0.27,Very Good,D,SI2,64.1,63.9,1177,1.63,1.62,1.04
3.06,Very Good,E,VS1,64.4,64.1,11048,16.33,16.23,10.52
3.42,Fair,D,IF,59.0,64.1,13981,14.93,14.73,8.81
1.07,Ideal,G,SI2,56.4,56.1,5324,4.82,4.8,2.72
0.26,Premium,E,VVS2,58.3,58.0,1443,1.8,1.8,1.05
1.41,Good,D,SI2,56.9,52.0,5508,9.42,9.29,5.36
2.31,Fair,I,VVS2,60.1,67.4,7510,11.1,11.11,6.67
1.74,Ideal,J,VS2,55.1,60.9,6938,10.99,10.88,6.06
0.78,Very Good,D,SI1,60.4,57.2,4564,4.56,4.49,2.75
2.33,Fair,E,SI2,56.2,55.6,8503,15.47,15.61,8.69
0.57,Premium,I,IF,55.3,50.2,3736,3.78,3.83,2.09
1.29,Ideal,D,VS2,59.2,50.6,8539,5.7,5.65,3.37
1.21,Ideal,J,SI1,57.1,52.8,6266,7.91,7.92,4.52
0.58,Ideal,I,VVS2,57.7,64.5,3705,3.08,3.02,1.78
0.59,Premium,E,SI1,59.8,65.3,3454,2.51,2.47,1.5
1.07,Ideal,G,VVS2,60.3,69.0,6670,6.97,7.08,4.2
3.08,Very Good,H,IF,60.2,67.7,20413,17.13,16.87,10.31
1.93,Ideal,H,IF,58.6,59.9,12174,10.11,10.19,5.92
3.25,Good,E,VS2,56.5,52.3,12139,16.1,16.21,9.1
0.6,Very Good,E,IF,57.1,62.4,3693,3.56,3.59,2.03
3.46,Fair,I,VVS1,64.0,52.3,13174,21.51,21.37,13.77
2.69,Good,G,SI1,61.2,54.7,11861,16.39,16.21,10.03
1.11,Premium,G,IF,58.3,59.6,3808,5.17,5.18,3.01
